blob_id,center_x,center_y,width,height,angle
1,732.0,512.0,5.66,2.83,45.0
2,1015.5,871.0,3.54,2.12,45.0
3,1029.75,882.25,4.24,2.12,45.0
4,1049.5,901.5,4.92,2.24,26.57
5,1059.27,908.35,5.27,2.5,33.69
6,555.25,1213.54,7.21,37.07,35.75
7,477.75,1211.25,4.24,7.78,45.0
8,1224.55,1220.97,18.34,2.44,57.99
9,452.85,1234.63,4.09,27.29,29.74
10,1232.0,1234.0,5.66,2.83,45.0
11,530.22,1245.14,4.19,29.48,31.61
12,535.89,1249.25,5.6,29.37,32.47
13,1238.15,1245.41,14.23,3.26,59.04
14,1246.7,1258.9,12.97,2.24,63.43
15,442.75,1265.25,4.24,3.54,45.0
16,489.0,1275.0,7.07,4.24,45.0
17,483.5,1279.0,7.16,2.24,26.57
18,480.95,1283.15,8.22,2.85,18.43
19,421.95,1285.15,13.91,4.74,18.43
20,438.0,1292.0,2.0,8.0,90.0
21,1551.75,1313.75,24.03,6.01,18.43
22,508.42,1317.62,5.27,12.76,33.69
23,1520.81,1319.93,37.78,9.44,8.62
24,467.0,1340.0,2.0,10.0,0.0
25,1469.76,1343.46,42.74,10.19,9.46
26,1422.62,1374.53,3.88,10.91,14.04
27,1446.25,1374.75,2.83,4.95,45.0
28,793.75,1396.75,6.36,18.38,45.0
29,493.0,1397.0,9.9,4.24,45.0
30,775.38,1411.08,6.1,16.64,56.31
31,488.56,1417.24,9.43,4.63,30.96
32,740.93,1435.04,4.8,24.18,59.04
33,495.05,1438.94,15.93,4.53,38.66
34,1017.42,1453.83,15.45,64.64,55.22
35,872.0,1463.0,5.66,14.14,45.0
36,683.28,1467.4,4.75,24.9,55.01
37,858.5,1470.5,8.49,14.14,45.0
38,918.19,1474.04,5.82,29.12,56.31
39,959.31,1493.96,12.48,61.02,56.31
40,840.75,1479.75,7.78,15.56,45.0
41,533.29,1498.32,8.49,30.56,14.04
42,885.04,1496.44,7.93,35.29,61.82
43,1972.0,1493.0,4.0,10.0,90.0
44,670.48,1500.1,9.22,3.14,11.31
45,824.25,1507.75,8.49,4.95,45.0
46,526.59,1525.17,7.01,19.78,15.95
47,933.0,1523.0,4.0,8.0,90.0
48,1873.75,1536.25,4.24,7.78,45.0
49,997.18,1546.21,8.4,2.92,30.96
50,1773.71,1562.96,11.97,66.09,65.92
51,1051.5,1557.0,4.0,9.0,90.0
52,1133.25,1577.25,4.95,7.07,45.0
53,1375.92,1577.74,6.04,18.41,74.05
54,1196.97,1591.25,22.33,7.19,7.13
55,312.25,1616.25,4.95,5.66,45.0
56,296.36,1623.16,4.27,9.47,68.2
57,275.4,1629.74,5.01,9.84,68.2
58,1543.62,1631.71,8.34,43.18,85.91
59,1487.0,1635.0,8.0,32.0,90.0
60,551.0,1676.5,3.48,7.27,18.43
61,540.5,1678.5,2.67,8.97,14.04
62,560.0,1679.0,2.0,8.0,0.0
63,905.61,1686.99,31.36,4.89,12.09
64,482.0,1703.0,5.09,17.82,81.87
65,1024.5,1704.0,2.67,11.16,75.96
66,1040.5,1715.0,4.95,7.78,45.0
67,472.5,1719.0,4.0,17.0,90.0
68,594.5,1719.5,9.39,2.24,26.57
69,592.5,1723.5,6.96,2.53,18.43
70,473.0,1727.0,4.0,14.0,90.0
71,460.1,1730.2,8.5,4.47,63.43
72,2033.25,1731.75,5.66,13.44,45.0
73,1789.75,1735.75,10.61,5.66,45.0
74,1262.5,1738.5,3.0,9.0,0.0
75,2015.85,1739.55,7.91,17.71,71.57
76,1837.45,1755.98,75.73,13.46,20.56
77,504.77,1752.12,13.97,4.44,80.54
78,1023.3,1752.6,14.76,3.58,63.43
79,610.7,1769.23,33.47,10.23,79.88
80,1810.5,1755.0,4.95,3.54,45.0
81,449.5,1761.5,2.53,11.38,18.43
82,1752.0,1765.0,18.38,8.49,45.0
83,463.9,1760.02,3.92,11.96,78.69
84,629.5,1767.5,19.0,9.0,90.0
85,1828.5,1762.5,9.39,2.24,26.57
86,301.8,1769.1,11.63,4.92,63.43
87,465.01,1765.58,2.79,12.0,80.54
88,465.06,1771.29,3.33,12.16,78.69
89,825.0,1777.0,8.0,16.0,90.0
90,451.5,1782.5,11.38,2.53,71.57
91,1548.5,1793.0,5.0,22.0,0.0
92,823.0,1788.0,2.0,6.0,90.0
93,808.0,1795.0,2.0,6.0,0.0
94,820.5,1795.0,2.0,5.0,90.0
95,1796.75,1800.75,9.19,7.07,45.0
96,457.5,1803.5,2.75,10.98,11.31
97,702.0,1820.0,2.0,6.0,0.0
98,1461.9,1823.8,5.38,12.33,18.43
99,794.75,1834.25,5.66,3.54,45.0
100,235.78,1851.16,37.59,9.35,61.7
101,813.76,1841.06,12.61,4.37,75.96
102,2039.96,1840.31,7.26,15.1,78.69
103,411.6,1854.2,29.52,8.05,63.43
104,803.0,1845.5,4.95,2.12,45.0
105,1993.5,1854.5,17.0,9.0,90.0
106,2016.03,1853.56,4.46,15.63,66.8
107,856.0,1859.5,7.16,2.24,63.43
108,1120.5,1861.0,4.95,7.78,45.0
109,673.5,1868.5,24.68,6.93,56.31
110,843.0,1863.5,4.95,2.12,45.0
111,1971.5,1864.5,2.67,8.97,14.04
112,1976.0,1864.5,2.24,7.16,26.57
113,1887.35,1872.23,19.69,9.43,33.69
114,837.75,1869.75,6.36,7.07,45.0
115,1315.3,1880.48,65.73,12.25,13.24
116,1178.15,1877.05,4.74,10.75,18.43
117,833.0,1877.5,3.54,2.12,45.0
118,835.0,1884.5,2.0,7.0,0.0
119,1229.0,1889.0,10.0,4.0,90.0
120,866.25,1888.75,5.66,3.54,45.0
121,426.5,1890.0,2.0,7.0,90.0
122,860.5,1893.0,6.71,2.68,63.43
123,848.6,1896.3,2.85,7.27,71.57
124,1425.04,1907.8,58.2,10.51,14.32
125,433.0,1903.0,2.0,6.0,90.0
126,850.45,1907.35,2.85,6.96,71.57
127,1201.5,1914.0,5.0,10.0,0.0
128,289.72,1917.53,31.95,7.86,19.98
129,840.75,1912.75,3.54,7.07,45.0
130,831.5,1915.5,4.24,2.83,45.0
131,857.0,1915.5,2.12,6.36,45.0
132,1477.08,1921.95,45.74,10.85,15.95
133,444.0,1924.0,2.0,6.0,90.0
134,1515.67,1933.05,29.11,10.8,17.35
135,1178.66,1939.69,46.7,9.2,15.95
136,511.8,1942.94,4.53,16.48,15.95
137,978.0,1938.0,6.0,18.0,90.0
138,1435.63,1945.51,46.57,6.97,14.74
139,948.2,1950.9,8.94,32.65,63.43
140,1238.25,1963.86,42.99,9.48,15.95
141,463.97,1972.52,18.72,4.75,59.74
142,921.0,2018.5,3.82,24.49,57.99
143,812.5,2022.0,6.36,9.19,45.0
144,821.5,2026.5,7.0,13.0,90.0
145,923.0,2032.0,5.37,26.83,63.43
146,404.67,2033.43,34.93,8.14,23.2
147,1488.0,2043.5,7.0,10.0,90.0
